Period/Group,Lower Income,Middle Income,Upper Income,Nairobi Combined,Rest of Urban Areas,Kenya CPI
2022 January,120.04,110.44,110.16,115.79,120.67,118.64
February,120.76,110.82,110.47,116.35,121.11,119.13
March,121.94,111.46,111.30,117.32,122.15,120.14
April,123.94,112.90,112.78,119.07,124.38,122.17
May,124.89,113.50,113.57,119.89,125.42,123.12
June,126.02,114.62,114.33,120.98,126.52,124.22
July,127.02,115.44,114.93,121.87,127.31,125.05
August,127.60,115.92,115.26,122.39,127.84,125.58
September,128.58,117.29,116.87,123.57,128.97,126.73
October,129.56,118.04,117.16,124.39,130.33,127.86
November,130.05,118.23,117.25,124.74,130.85,128.31
December,130.59,118.63,117.64,125.22,131.68,128.99
2023,,,,,,
January,130.98,118.93,117.93,125.57,131.94,129.29
February,131.92,119.38,118.32,126.29,132.86,130.13
March,132.97,119.90,118.81,127.10,134.09,131.18
April,133.49,120.76,119.07,127.70,134.77,131.83
May,134.64,121.47,120.10,128.69,136.08,133.01
June,135.67,122.27,120.62,129.59,137.16,134.01
July,135.57,122.37,121.11,129.63,137.37,134.15
August,135.39,122.59,121.21,129.60,137.17,134.02
September,136.68,124.05,123.20,131.03,138.38,135.32
October,138.22,124.94,124.48,132.33,139.83,136.71
November,138.49,125.17,124.75,132.58,140.20,137.03
December,138.89,125.94,125.43,133.14,140.69,137.55
2024,,,,,,
January,139.19,126.94,125.97,133.69,141.33,138.15
