PERIOD,NAIROBI INDEX,REST* OF URBAN TOWNS INDEX,OVERALL KENYA INDEX,OVERALL MONTH ON MONTH INFLATION,UNDERLYING INFLATION RATE****
2007,,,,RATE***,
October,230.93,229.37,229.99,10.6,5.2
November,233.73,232.99,233.28,11.8,5.8
December,242.14,238.26,239.81,12.0,5.9
2008,,,,,
January,266.28,257.39,260.94,18.2,7.6
February,267.04,265.92,266.37,19.1,9.3
March,277.61,274.40,274.55,21.8,9.8
April,282.38,281.55,281.88,26.6,9.6
May,293.43,290.69,291.79,31.5,10.5
June,287.09,293.17,290.75,29.3,11.2
July,285.15,287.60,286.62,26.5,12.2
August,286.94,288.80,288.06,27.6,13.1
September,293.65,291.86,292.57,28.2,13.3
October,297.15,294.20,295.38,28.4,13.0
November,302.93,301.04,301.79,29.4,12.3
